{
  "type": "Image",
  "bands": [
    {
      "id": "AVE_DSM",
      "data_type": {
        "type": "PixelType",
        "precision": "int",
        "min": -32768,
        "max": 32767
      },
      "dimensions": [1296001, 417601],
      "crs": "EPSG:4326",
      "crs_transform": [
        0.0002777777777777778, 0, -180.0001388888889, 0, -0.0002777777777777778,
        60.00013888888889
      ]
    }
  ],
  "id": "USGS/SRTMGL1_003",
  "version": 1641990767055141,
  "properties": {
    "system:visualization_0_min": "0.0",
    "type_name": "Image",
    "keywords": [
      "dem",
      "elevation",
      "geophysical",
      "nasa",
      "srtm",
      "topography",
      "usgs"
    ],
    "thumb": "https://mw1.google.com/ges/dd/images/SRTM90_V4_thumb.png",
    "description": "<p>The Shuttle Radar Topography Mission (SRTM, see <a href=\"https://onlinelibrary.wiley.com/doi/10.1029/2005RG000183/full\">Farr\net al. 2007</a>)\ndigital elevation data is an international research effort that\nobtained digital elevation models on a near-global scale. This\nSRTM V3 product (SRTM Plus) is provided by NASA JPL\nat a resolution of 1 arc-second (approximately 30m).</p><p>This dataset has undergone a void-filling process using open-source data\n(ASTER GDEM2, GMTED2010, and NED), as opposed to other versions that\ncontain voids or have been void-filled with commercial sources.\nFor more information on the different versions see the\n<a href=\"https://lpdaac.usgs.gov/documents/13/SRTM_Quick_Guide.pdf\">SRTM Quick Guide</a>.</p><p>Documentation:</p><ul><li><p><a href=\"https://lpdaac.usgs.gov/documents/179/SRTM_User_Guide_V3.pdf\">User&#39;s Guide</a></p></li><li><p><a href=\"https://lpdaac.usgs.gov/documents/13/SRTM_Quick_Guide.pdf\">General Documentation</a></p></li><li><p><a href=\"https://doi.org/10.1029/2005RG000183\">Algorithm Theoretical Basis Document (ATBD)</a></p></li></ul><p><b>Provider: <a href=\"https://cmr.earthdata.nasa.gov/search/concepts/C1000000240-LPDAAC_ECS.html\">NASA / USGS / JPL-Caltech</a></b><br><p><b>Bands</b><table class=\"eecat\"><tr><th scope=\"col\">Name</th><th scope=\"col\">Description</th></tr><tr><td>elevation</td><td><p>Elevation</p></td></tr></table><p><b>Terms of Use</b><br><p>Unless otherwise noted, images and video on JPL public\nweb sites (public sites ending with a jpl.nasa.gov address) may\nbe used for any purpose without prior permission. For more information\nand exceptions visit the <a href=\"https://www.jpl.nasa.gov/imagepolicy/\">JPL Image Use Policy site</a>.</p><p><b>Suggested citation(s)</b><ul><li><p>Farr, T.G., Rosen, P.A., Caro, E., Crippen, R., Duren, R., Hensley,\nS., Kobrick, M., Paller, M., Rodriguez, E., Roth, L., Seal, D.,\nShaffer, S., Shimada, J., Umland, J., Werner, M., Oskin, M., Burbank,\nD., and Alsdorf, D.E., 2007, The shuttle radar topography mission:\nReviews of Geophysics, v. 45, no. 2, RG2004, at\n<a href=\"https://doi.org/10.1029/2005RG000183\">https://doi.org/10.1029/2005RG000183</a>.</p></li></ul><style>\n  table.eecat {\n  border: 1px solid black;\n  border-collapse: collapse;\n  font-size: 13px;\n  }\n  table.eecat td, tr, th {\n  text-align: left; vertical-align: top;\n  border: 1px solid gray; padding: 3px;\n  }\n  td.nobreak { white-space: nowrap; }\n</style>",
    "source_tags": ["nasa", "usgs"],
    "visualization_0_max": "6000.0",
    "title": "NASA SRTM Digital Elevation 30m",
    "product_tags": ["srtm", "elevation", "topography", "dem", "geophysical"],
    "provider": "NASA / USGS / JPL-Caltech",
    "visualization_0_min": "0.0",
    "visualization_0_name": "Elevation",
    "date_range": [950227200000, 951177600000],
    "system:visualization_0_gamma": "1.6",
    "period": 0,
    "system:visualization_0_bands": "elevation",
    "provider_url": "https://cmr.earthdata.nasa.gov/search/concepts/C1000000240-LPDAAC_ECS.html",
    "visualization_0_gamma": "1.6",
    "sample": "https://mw1.google.com/ges/dd/images/SRTM90_V4_sample.png",
    "tags": [
      "dem",
      "elevation",
      "geophysical",
      "nasa",
      "srtm",
      "topography",
      "usgs"
    ],
    "system:visualization_0_max": "6000.0",
    "system:visualization_0_name": "Elevation",
    "system:asset_size": 132792638252,
    "visualization_0_bands": "elevation"
  }
}
